{"losses/bounds_loss":0,"_wandb":{"runtime":12389},"_runtime":12389.692562555,"losses/critic_loss":0.025829065591096878,"performance/EnvStepFPS":65.6239931007538,"losses/actor_loss":-0.022987736389040947,"_step":811008,"info/kl":0.02089349552989006,"performance/RLTrainFPS":37397.652423463594,"info/last_lr":0.0004999999999999999,"metrics/episode_lengths_per_step":32.69785702077485,"_timestamp":1.7656165501317828e+09,"metrics/episode_rewards_per_step":50.48459943484886,"metrics/episode_success_per_step":0.8300272995051742,"info/e_clip":0.2,"losses/entropy":1.3696997165679932}