{"_runtime":20895.781354773,"info/kl":0.021690137684345245,"losses/critic_loss":0.08081518113613129,"performance/EnvStepFPS":69.75739361022977,"losses/bounds_loss":0,"metrics/episode_rewards_per_step":55.06698576614135,"losses/entropy":0.6589228510856628,"info/e_clip":0.2,"info/last_lr":0.0004999999999999999,"performance/RLTrainFPS":37499.3603793445,"_wandb":{"runtime":20895},"_timestamp":1.76564412737686e+09,"losses/actor_loss":-0.020441245287656784,"_step":1454080,"metrics/episode_lengths_per_step":52.00488953211061,"metrics/episode_success_per_step":0.2906419375371197}